{
  "peptideCard" : {
    "id" : 9286,
    "seq" : "KT",
    "seqLength" : 2,
    "nTerminus" : "C16",
    "cTerminus" : "AMD",
    "synthesisType" : "Synthetic",
    "complexity" : "Monomer",
    "targetGroups" : [ "Gram+", "Gram-", "Fungus" ],
    "targets" : [ "Lipid Bilayer" ],
    "targetActivities" : [ {
      "targetSpecies" : "Escherichia coli UB1005",
      "activityMeasure" : "MIC",
      "concentration" : ">2000",
      "unit" : "µg/ml",
      "medium" : "MHB",
      "cfu" : "1E5-1E6",
      "reference" : "1"
    }, {
      "targetSpecies" : "Staphylococcus aureus SAP 0017",
      "activityMeasure" : "MIC",
      "concentration" : ">2000",
      "unit" : "µg/ml",
      "medium" : "MHB",
      "cfu" : "1E5-1E6",
      "note" : "MRSA",
      "reference" : "1"
    }, {
      "targetSpecies" : "Candida albicans 105",
      "activityMeasure" : "MIC",
      "concentration" : ">2000",
      "unit" : "µg/ml",
      "medium" : "MHB",
      "cfu" : "1E4",
      "reference" : "1"
    }, {
      "targetSpecies" : "Propionibacterium acnes",
      "activityMeasure" : "MIC",
      "concentration" : "256-1000",
      "unit" : "µg/ml",
      "medium" : "BHIB",
      "cfu" : "1E5-1E6",
      "reference" : "1"
    } ],
    "articles" : [ {
      "journal" : "Patent US 20150080291 A1",
      "articleYear" : 2015,
      "title" : "Short Antimicrobial Lipopeptides",
      "authors" : [ "Zhang L", "Carmichael R" ]
    } ]
  }
}